{
  "IcoMoonType": "selection",
  "icons": [
    {
      "icon": {
        "paths": [
          "M200.578 486.582l-7.072-6.764-7.072 6.662-98.803 93.678 7.789 7.482 365.385 348.474 7.072-6.764 776.892-741.122-7.789-7.379-97.47-92.961-7.072 6.764-671.633 640.167-260.228-248.237z"
        ],
        "attrs": [
          {
            "fill": "rgb(255, 255, 255)",
            "stroke": "rgb(255, 255, 255)",
            "strokeLinejoin": "miter",
            "strokeLinecap": "butt",
            "strokeMiterlimit": "4",
            "strokeWidth": 20.480000000000004
          }
        ],
        "width": 1331,
        "isMulticolor": false,
        "isMulticolor2": false,
        "grid": 0,
        "tags": [
          "icon check"
        ]
      },
      "attrs": [
        {
          "fill": "rgb(255, 255, 255)",
          "stroke": "rgb(255, 255, 255)",
          "strokeLinejoin": "miter",
          "strokeLinecap": "butt",
          "strokeMiterlimit": "4",
          "strokeWidth": 20.480000000000004
        }
      ],
      "properties": {
        "order": 53,
        "id": 0,
        "name": "icon-check",
        "prevSize": 32
      },
      "setIdx": 0,
      "setId": 12,
      "iconIdx": 0
    },
    {
      "icon": {
        "paths": [
          "M1024.667 0l-1024.667 576.375 327.467 121.252 505.075-473.482-384.165 518.311 0.299 0.085-0.384-0.085v282.21l183.629-214.241 232.685 86.157 160.062-896.584z"
        ],
        "attrs": [
          {
            "fill": "rgb(255, 255, 255)"
          }
        ],
        "isMulticolor": false,
        "isMulticolor2": false,
        "grid": 0,
        "tags": [
          "icon send"
        ],
        "colorPermutations": {
          "2552552551331502431": [
            {
              "f": 1
            }
          ]
        }
      },
      "attrs": [
        {
          "fill": "rgb(255, 255, 255)"
        }
      ],
      "properties": {
        "order": 47,
        "id": 3,
        "name": "icon-send",
        "prevSize": 32
      },
      "setIdx": 1,
      "setId": 10,
      "iconIdx": 0
    },
    {
      "icon": {
        "paths": [
          "M445.217 400.9c73.804 0 133.633-59.83 133.633-133.633s-59.83-133.633-133.633-133.633v0c-73.804 0-133.633 59.83-133.633 133.633s59.83 133.633 133.633 133.633v0zM445.217 467.717c-89.223 0-267.267 44.767-267.267 133.633v33.408c0 18.352 15.056 33.408 33.408 33.408h467.717c18.352 0 33.408-15.056 33.408-33.408v-33.408c0-88.866-178.089-133.633-267.267-133.633z"
        ],
        "attrs": [
          {
            "fill": "rgb(33, 150, 243)"
          }
        ],
        "width": 890,
        "isMulticolor": false,
        "isMulticolor2": false,
        "grid": 0,
        "tags": [
          "person-black"
        ],
        "colorPermutations": {
          "2552552551331502431": [
            {
              "f": 0
            }
          ]
        }
      },
      "attrs": [
        {
          "fill": "rgb(33, 150, 243)"
        }
      ],
      "properties": {
        "order": 48,
        "id": 2,
        "name": "person-black",
        "prevSize": 32
      },
      "setIdx": 1,
      "setId": 10,
      "iconIdx": 1
    },
    {
      "icon": {
        "paths": [
          "M682.802 474.891l-78.472-8.966c-2.156-0.268-4.652-0.421-7.184-0.421-16.985 0-32.362 6.883-43.495 18.011l-56.869 56.869c-88.119-45.481-158.146-115.522-202.39-201.059l-1.22-2.594 57.211-57.082c11.129-11.126 18.013-26.499 18.013-43.479 0-2.537-0.154-5.038-0.452-7.495l0.029 0.295-8.966-77.875c-3.716-30.917-29.789-54.649-61.404-54.649-0.027 0-0.053 0-0.080 0l-53.449-0c-34.924 0-63.956 29.032-61.822 63.956 16.395 263.852 227.433 474.549 490.986 490.944 34.881 2.135 63.956-26.898 63.956-61.822v-53.453c0-0.088 0.001-0.192 0.001-0.297 0-31.406-23.648-57.29-54.109-60.815l-0.284-0.027z"
        ],
        "attrs": [
          {}
        ],
        "width": 939,
        "isMulticolor": false,
        "isMulticolor2": false,
        "grid": 0,
        "tags": [
          "phone-black"
        ],
        "colorPermutations": {
          "2552552551331502431": [
            {}
          ]
        }
      },
      "attrs": [
        {}
      ],
      "properties": {
        "order": 49,
        "id": 1,
        "name": "phone-black",
        "prevSize": 32
      },
      "setIdx": 1,
      "setId": 10,
      "iconIdx": 2
    },
    {
      "icon": {
        "paths": [
          "M853.889 170.778h-683.111c-46.964 0-84.934 38.425-84.934 85.389l-0.455 512.334c0 46.964 38.425 85.389 85.389 85.389h683.111c46.964 0 85.389-38.425 85.389-85.389v-512.334c0-46.964-38.425-85.389-85.389-85.389zM836.811 352.258l-301.821 188.653c-6.444 4.028-14.271 6.417-22.657 6.417s-16.213-2.389-22.839-6.523l0.182 0.106-301.821-188.653c-10.747-6.425-17.832-18-17.832-31.229 0-20.027 16.235-36.262 36.262-36.262 7.446 0 14.368 2.244 20.127 6.094l-0.132-0.083 286.053 178.861 286.053-178.918c5.627-3.766 12.549-6.011 19.995-6.011 20.027 0 36.262 16.235 36.262 36.262 0 13.229-7.085 24.804-17.667 31.137l-0.165 0.092z"
        ],
        "attrs": [
          {}
        ],
        "isMulticolor": false,
        "isMulticolor2": false,
        "grid": 0,
        "tags": [
          "email-black"
        ],
        "colorPermutations": {
          "2552552551331502431": [
            {}
          ]
        }
      },
      "attrs": [
        {}
      ],
      "properties": {
        "order": 50,
        "id": 0,
        "name": "email-black",
        "prevSize": 32
      },
      "setIdx": 1,
      "setId": 10,
      "iconIdx": 3
    }
  ],
  "height": 1024,
  "preferences": {
    "showGlyphs": true,
    "showCodes": true,
    "showQuickUse": true,
    "showQuickUse2": true,
    "showSVGs": true,
    "fontPref": {
      "prefix": "icon-",
      "metadata": {},
      "metrics": {
        "emSize": 1024,
        "baseline": 6.25,
        "whitespace": 50
      }
    },
    "imagePref": {
      "prefix": "icon-",
      "png": false,
      "useClassSelector": true,
      "color": 0,
      "bgColor": 16777215,
      "name": "icomoon",
      "classSelector": ".icon",
      "height": 32,
      "columns": 16,
      "margin": 16,
      "minifyJs": false
    },
    "historySize": 50
  }
}